entry_time,exit_time,hora_entrada,dia_entrada,side,entry_price,exit_price,qty,sl_orig,tp,pnl_bruto,comision,pnl_neto,resultado,capital_post,rsi,adx,htf,size_mult,duracion_min,be_hit,dd_al_entrar
2025-06-13 08:10:00+00:00,2025-06-13 09:15:00+00:00,8,Friday,SHORT,105345.16443,104532.56664144302,0.019136139967195293,105580.32157285715,104522.11443000002,46.65,2.2089,44.441,WIN,344.441,84.1,62.54,BEARISH,0.5,65.0,True,0.0
2025-06-13 15:10:00+00:00,2025-06-13 16:10:00+00:00,15,Friday,SHORT,105428.75607,105765.44132525014,0.029756221605995538,105776.01892714285,104213.33607,-30.0554,3.4564,-33.5118,LOSS,310.9292,70.2,16.75,BEARISH,1.0,60.0,False,0.0
2025-06-17 19:15:00+00:00,2025-06-17 19:20:00+00:00,19,Tuesday,SHORT,104959.40301,105183.08936341328,0.019913851446828956,105193.6087242857,104139.68301000001,-13.3634,2.3016,-15.665,LOSS,295.2642,79.07,29.0,BEARISH,0.5,5.0,False,-9.73
2025-06-17 19:20:00+00:00,2025-06-17 20:15:00+00:00,19,Tuesday,SHORT,105275.27142,104426.78305414201,0.018047303981018448,105520.67999142858,104416.34142000001,45.9388,2.0815,43.8573,WIN,339.1215,86.12,30.73,BEARISH,0.5,55.0,True,-9.73
2025-06-18 20:45:00+00:00,2025-06-18 21:55:00+00:00,20,Wednesday,SHORT,104800.11894,105012.71376124884,0.045601859045322504,105023.21608285714,104019.27894,-0.9558,5.2623,-6.2181,BE,332.9033,70.88,18.65,BEARISH,1.0,70.0,True,-1.54
2025-06-25 15:30:00+00:00,2025-06-25 19:10:00+00:00,15,Wednesday,LONG,106760.57499,107639.969916501,0.01963402719317169,106506.24356142856,107650.73499,51.7982,2.3153,49.4829,WIN,382.3863,25.46,36.8,BULLISH,0.5,220.0,True,-3.35
2025-07-03 12:45:00+00:00,2025-07-03 13:30:00+00:00,12,Thursday,LONG,108717.8707,109504.94910993,0.02515604684801717,108489.86212857143,109515.9007,59.3993,3.0193,56.3801,WIN,438.7663,16.08,25.39,BULLISH,0.5,45.0,True,0.0
2025-07-09 14:35:00+00:00,2025-07-09 18:10:00+00:00,14,Wednesday,LONG,108570.856,109493.4755574,0.024674349809143188,108304.12171428572,109504.426,68.2951,2.9593,65.3358,WIN,504.1021,20.33,26.56,BULLISH,0.5,215.0,True,0.0
2025-07-11 15:50:00+00:00,2025-07-12 09:50:00+00:00,15,Friday,LONG,116936.29246000001,118138.42743575401,0.021801030924827304,116589.44960285716,118150.24246000001,78.6233,2.8187,75.8047,WIN,579.9068,25.17,36.77,BULLISH,0.5,1080.0,True,0.0
2025-07-15 16:40:00+00:00,2025-07-15 18:35:00+00:00,16,Tuesday,SHORT,117683.2305,116370.42637904998,0.022987154166964847,118061.64192857144,116358.79049999999,90.5329,2.9591,87.5738,WIN,667.4806,75.68,44.97,BEARISH,0.5,115.0,True,0.0
2025-07-17 20:00:00+00:00,2025-07-17 20:05:00+00:00,20,Thursday,LONG,118805.57936999999,118593.8261382227,0.04477502968707998,118581.96794142856,119588.21936999999,-28.4438,5.8463,-34.29,LOSS,633.1905,19.28,41.31,BULLISH,0.5,5.0,False,0.0
2025-07-17 20:05:00+00:00,2025-07-17 20:35:00+00:00,20,Thursday,LONG,118529.75179,119362.01439482099,0.03937752015796766,118288.55179,119373.95178999999,98.3173,5.1522,93.1651,WIN,726.3557,16.1,43.2,BULLISH,0.5,30.0,True,0.0
2025-07-22 14:00:00+00:00,2025-07-22 14:55:00+00:00,14,Tuesday,LONG,117749.87381,119122.460372619,0.02754328084149208,117354.30238142858,119134.37380999999,113.4166,3.5883,109.8283,WIN,836.1839,23.18,32.81,BULLISH,0.5,55.0,True,0.0
2025-07-25 10:00:00+00:00,2025-07-25 10:45:00+00:00,10,Friday,SHORT,116177.78106,116465.97901160827,0.08366142009133348,116477.6267742857,115128.32105999999,-72.3331,10.7048,-83.038,LOSS,753.146,70.72,20.59,BEARISH,1.0,45.0,False,0.0
2025-08-11 12:35:00+00:00,2025-08-11 13:00:00+00:00,12,Monday,LONG,119725.9714,119390.05492599713,0.03247678716532378,119378.1171142857,120943.4614,-32.7285,4.2711,-36.9996,LOSS,716.1464,28.1,62.64,BULLISH,0.5,25.0,False,-9.93
2025-08-18 16:00:00+00:00,2025-08-18 17:25:00+00:00,16,Monday,SHORT,116209.3779,116416.7007799243,0.049058801246032,116428.34361428572,115442.99790000002,-1.1402,6.2768,-7.417,BE,708.7293,78.82,36.93,BEARISH,0.5,85.0,True,-14.36
2025-08-26 18:35:00+00:00,2025-08-26 18:40:00+00:00,18,Tuesday,SHORT,110613.53754,110793.68563481743,0.11118568901594157,110804.76611142857,109944.23754000002,-60.0897,13.5395,-73.6292,LOSS,635.1002,81.29,23.44,BEARISH,1.0,5.0,False,-15.24
2025-08-26 18:40:00+00:00,2025-08-26 19:20:00+00:00,18,Tuesday,SHORT,110868.31206,111064.41879307972,0.04597415813291101,111075.52634571429,110143.06206000001,-1.0194,5.6117,-6.6312,BE,628.469,87.32,27.46,BEARISH,0.5,40.0,True,-15.24
2025-10-01 17:50:00+00:00,2025-10-01 22:00:00+00:00,17,Wednesday,LONG,116804.07923999999,117649.203143076,0.038505085048267544,116559.25352571427,117660.96923999999,97.6247,4.9652,92.6595,WIN,721.1285,24.02,33.51,BULLISH,0.5,250.0,True,-24.84
2025-10-08 08:40:00+00:00,2025-10-08 10:40:00+00:00,8,Wednesday,SHORT,122785.22025,123047.18287254643,0.07887835915071119,123059.48882142857,121825.28025,-1.937,10.665,-12.602,BE,708.5265,78.34,24.75,BEARISH,1.0,120.0,True,-13.76
2025-10-12 14:50:00+00:00,2025-10-12 15:05:00+00:00,14,Sunday,SHORT,112926.80619,113318.60462480958,0.026363356539044022,113329.93761857144,111515.84619000001,-0.5954,3.2805,-3.8759,BE,704.6506,70.72,47.6,BEARISH,0.5,15.0,True,-15.27
2025-10-17 16:00:00+00:00,2025-10-19 09:45:00+00:00,16,Friday,SHORT,107247.97413,107719.32683430128,0.021923241235257976,107730.09984428571,105560.53413,-0.4702,2.592,-3.0623,BE,701.5883,82.44,31.78,BEARISH,0.5,2505.0,True,-15.73
2025-10-20 16:40:00+00:00,2025-10-20 16:45:00+00:00,16,Monday,LONG,110460.74497,110077.29445592556,0.026679258890283213,110066.28782714285,111841.34497,-30.6905,3.2361,-33.9266,LOSS,667.6617,27.74,30.29,BULLISH,0.5,5.0,False,-16.1
2025-10-20 16:45:00+00:00,2025-10-21 01:55:00+00:00,16,Monday,LONG,110189.11781000001,109781.21769120957,0.023908979584071642,109770.24066714286,111655.18781000002,-0.5269,2.8926,-3.4195,BE,664.2422,22.41,32.89,BULLISH,0.5,550.0,True,-16.1
2025-10-21 12:40:00+00:00,2025-10-21 13:05:00+00:00,12,Tuesday,SHORT,109258.57305,108257.827750305,0.03447385157446352,109547.59305000001,108247.00305,103.4986,4.1242,99.3744,WIN,763.6166,70.29,41.23,BEARISH,0.5,25.0,True,-20.56
2025-10-21 17:15:00+00:00,2025-10-21 18:35:00+00:00,17,Tuesday,LONG,111893.48823,111392.68924225157,0.022374325796746964,111381.55108714286,113685.26823000002,-0.5007,2.7477,-3.2484,BE,760.3681,29.81,29.6,BULLISH,0.5,80.0,True,-8.68
2025-10-21 20:15:00+00:00,2025-10-21 21:20:00+00:00,20,Tuesday,LONG,110777.17661000001,110458.97568880387,0.03464136756203213,110447.9308957143,111929.53661000002,-33.0687,4.2152,-37.2839,LOSS,723.0842,21.02,25.99,BULLISH,0.5,65.0,False,-9.07
2025-10-23 20:55:00+00:00,2025-10-24 00:15:00+00:00,20,Thursday,LONG,109458.04471,110310.23258352901,0.04397711061772877,109211.41042428571,110321.26471,112.4303,5.3156,107.1147,WIN,830.1989,17.36,49.59,BULLISH,0.5,200.0,True,-13.53
2025-10-24 13:45:00+00:00,2025-10-24 14:05:00+00:00,13,Friday,LONG,110501.94909,110200.43660319471,0.039845538590709294,110189.41766142857,111595.80908999998,-0.8806,4.8367,-5.7173,BE,824.4816,26.19,48.03,BULLISH,0.5,20.0,True,-0.72
2025-10-24 14:15:00+00:00,2025-10-24 14:20:00+00:00,14,Friday,LONG,110126.71157,109741.84751458558,0.031243211374479423,109730.87442714286,111512.14156999999,-36.0732,3.7782,-39.8513,LOSS,784.6302,25.6,51.16,BULLISH,0.5,5.0,False,-1.4
2025-10-24 14:20:00+00:00,2025-10-25 06:00:00+00:00,14,Friday,LONG,109990.19791999999,111440.29277620798,0.028190500630010096,109572.70077714285,111451.43791999998,122.6367,3.4332,119.2035,WIN,903.8337,26.56,53.34,BULLISH,0.5,940.0,True,-1.4
2025-11-04 11:35:00+00:00,2025-11-04 13:25:00+00:00,11,Tuesday,SHORT,104559.04305000001,103581.620176305,0.04803829730123577,104841.26590714286,103571.26305000001,140.8612,5.4993,135.3619,WIN,1039.1956,81.38,33.44,BEARISH,0.5,110.0,True,0.0
2025-11-05 12:20:00+00:00,2025-11-05 12:25:00+00:00,12,Wednesday,SHORT,102371.36184000001,102595.94979038744,0.06637440386954045,102606.21041142859,101549.39184000001,-44.7207,7.4825,-52.2032,LOSS,986.9924,77.17,41.07,BEARISH,0.5,5.0,False,0.0
2025-11-05 12:25:00+00:00,2025-11-05 13:00:00+00:00,12,Wednesday,SHORT,102460.35294000001,102697.65928984887,0.059799082568874534,102707.93008285716,101593.83294000001,-42.5721,6.7475,-49.3196,LOSS,937.6728,82.13,44.33,BEARISH,0.5,35.0,False,0.0
2025-11-10 14:45:00+00:00,2025-11-10 14:50:00+00:00,14,Monday,LONG,105182.01715,104903.98364228642,0.04874862048794685,104893.49429285714,106191.84715,-40.6612,5.6328,-46.294,LOSS,891.3787,14.45,41.7,BULLISH,0.5,5.0,False,-9.77
2025-11-10 14:50:00+00:00,2025-11-10 17:45:00+00:00,14,Monday,LONG,104680.467,105813.3046113,0.040927553573083135,104353.77557142857,105823.887,139.0928,4.7382,134.3546,WIN,1025.7333,11.66,43.02,BULLISH,0.5,175.0,True,-9.77
2025-11-14 14:45:00+00:00,2025-11-14 15:45:00+00:00,14,Friday,SHORT,96477.75125999999,97070.06613973113,0.05111433658590518,97079.77411714285,94370.67126,-0.9863,5.4412,-6.4275,BE,1019.3058,76.73,20.85,BEARISH,1.0,60.0,True,-1.3
2025-11-16 18:10:00+00:00,2025-11-16 21:05:00+00:00,18,Sunday,SHORT,95145.88446,93734.15693844599,0.07531286490658981,95551.91303142857,93724.78446,318.9637,7.8238,311.1399,WIN,1330.4458,73.41,19.2,BEARISH,1.0,175.0,True,-1.91
2025-11-19 21:20:00+00:00,2025-11-19 23:00:00+00:00,21,Wednesday,SHORT,90410.15808,90776.18241104914,0.05320323753525287,90785.26093714286,89097.29808,-0.962,5.3018,-6.2639,BE,1324.1819,85.69,40.86,BEARISH,0.5,100.0,True,0.0
2025-11-26 14:10:00+00:00,2025-11-26 14:40:00+00:00,14,Wednesday,SHORT,87265.77255,87459.67999303072,0.09801287189707425,87468.42683571429,86556.48254999999,-1.7106,9.4189,-11.1296,BE,1313.0523,76.59,36.56,BEARISH,0.5,30.0,True,-0.47
2025-11-27 13:15:00+00:00,2025-11-27 16:10:00+00:00,13,Thursday,LONG,90546.55374999999,91177.395098625,0.10771805635184506,90363.70803571427,91186.51375,203.859,10.7662,193.0928,WIN,1506.1451,17.14,61.98,BULLISH,0.5,175.0,True,-1.31
2025-11-28 16:20:00+00:00,2025-11-28 16:25:00+00:00,16,Friday,LONG,91345.43363,91060.16159279157,0.15349137892310236,91051.05648714285,92375.75363,-131.3604,15.3987,-146.7591,LOSS,1359.386,28.19,14.18,BULLISH,1.0,5.0,False,0.0
2025-12-01 21:30:00+00:00,2025-12-01 22:05:00+00:00,21,Monday,SHORT,86391.45999,86689.48446028672,0.06648571852057109,86698.15427571429,85318.02999,-59.4431,6.3291,-65.7722,LOSS,1293.6138,72.26,45.31,BEARISH,0.5,35.0,False,-9.74
2025-12-02 20:25:00+00:00,2025-12-02 22:50:00+00:00,20,Tuesday,LONG,90945.29362,91921.00060063801,0.06895595989527138,90663.89361999999,91930.19362,201.8424,6.9353,194.9071,WIN,1488.5209,25.76,28.26,BULLISH,0.5,145.0,True,-14.11
2025-12-03 14:00:00+00:00,2025-12-03 14:35:00+00:00,14,Wednesday,LONG,91709.17,92729.97607500001,0.07586531823834548,91414.86142857143,92739.25000000001,232.3313,7.6959,224.6354,WIN,1713.1563,23.28,39.68,BULLISH,0.5,35.0,True,-1.17
2025-12-07 15:55:00+00:00,2025-12-07 16:55:00+00:00,15,Sunday,SHORT,89501.24898,89837.36720195915,0.07446285792300268,89846.35183714287,88293.38898,-1.3329,7.3447,-8.6776,BE,1704.4787,77.3,45.01,BEARISH,0.5,60.0,True,0.0
2025-12-07 21:45:00+00:00,2025-12-07 21:50:00+00:00,21,Sunday,LONG,90221.32123,90022.6111624087,0.12308990697374896,90013.60980142857,90948.31122999999,-73.3776,12.2024,-85.58,LOSS,1618.8987,13.18,34.54,BULLISH,0.5,5.0,False,-0.51
2025-12-07 21:50:00+00:00,2025-12-07 22:05:00+00:00,21,Sunday,LONG,89932.79238,89714.71438295228,0.10695279814452414,89705.74380857142,90727.46238,-1.9237,10.5676,-12.4913,BE,1606.4074,6.95,40.37,BULLISH,0.5,15.0,True,-0.51
2025-12-09 20:20:00+00:00,2025-12-09 21:45:00+00:00,20,Tuesday,LONG,92883.48741999999,92615.38517531342,0.08687576522229143,92606.12456285713,93854.25741999998,-1.6139,8.8634,-10.4773,BE,1595.9301,22.14,25.49,BULLISH,0.5,85.0,True,-6.23
2025-12-11 18:40:00+00:00,2025-12-11 19:35:00+00:00,18,Thursday,SHORT,91112.38785,91375.54652435787,0.08791480712592177,91384.68499285715,90159.34784999999,-1.602,8.8239,-10.4259,BE,1585.5042,83.05,45.12,BEARISH,0.5,55.0,True,-6.84
2025-12-17 15:05:00+00:00,2025-12-17 15:50:00+00:00,15,Wednesday,SHORT,89741.12499000001,87703.894502499,0.04068375782411407,90325.69641857145,87695.12499,248.6466,3.9705,244.6761,WIN,1830.1802,82.23,64.23,BEARISH,0.5,45.0,True,-7.45
2025-12-23 16:00:00+00:00,2025-12-24 05:45:00+00:00,16,Tuesday,SHORT,88043.29479,86753.449267479,0.07399536497690343,88414.30050428571,86744.77479,286.3278,7.1138,279.214,WIN,2109.3942,77.35,32.07,BEARISH,0.5,825.0,True,0.0
2025-12-30 17:45:00+00:00,2025-12-30 19:05:00+00:00,17,Tuesday,LONG,88229.92211,88034.79328049671,0.15515466786879054,88025.99068142856,88943.68211,-2.7379,15.0416,-17.7794,BE,2091.6148,27.01,29.0,BULLISH,0.5,80.0,True,0.0
2026-01-02 14:30:00+00:00,2026-01-02 14:40:00+00:00,14,Friday,LONG,88585.75769,89288.817915231,0.1542293800223733,88382.33197571429,89297.74769,325.2976,15.0884,310.2092,WIN,2401.824,14.26,28.19,BULLISH,0.5,10.0,True,-0.84
2026-01-02 18:50:00+00:00,2026-01-03 07:20:00+00:00,18,Friday,LONG,89668.46595,89420.37566488072,0.2803342778672998,89411.43452142857,90568.07595,-5.0274,27.6126,-32.64,BE,2369.184,25.63,23.11,BULLISH,1.0,750.0,True,0.0
2026-01-15 14:40:00+00:00,2026-01-15 15:45:00+00:00,14,Thursday,LONG,95778.97694,95512.30435826542,0.12865611404699895,95502.75408285714,96745.75693999999,-2.4645,13.5359,-16.0004,BE,2353.1835,29.91,25.3,BULLISH,0.5,65.0,True,-1.36
2026-01-21 14:30:00+00:00,2026-01-21 15:10:00+00:00,14,Wednesday,SHORT,89895.0096,90270.83018561144,0.09171854941683263,90279.85817142858,88548.0396,-1.649,9.0885,-10.7375,BE,2342.446,73.77,43.07,BEARISH,0.5,40.0,True,-2.03
2026-01-21 18:45:00+00:00,2026-01-21 19:25:00+00:00,18,Wednesday,SHORT,88492.74984,88782.23358587315,0.11776496042501086,88791.11269714286,87448.47984000001,-102.2731,11.4822,-113.7554,LOSS,2228.6906,72.63,42.79,BEARISH,0.5,40.0,False,-2.47
2026-01-23 19:15:00+00:00,2026-01-23 19:30:00+00:00,19,Friday,LONG,89941.69326999999,89682.01486046985,0.12444032402138366,89673.04755571428,90881.95326999997,-96.9434,12.2938,-109.2372,LOSS,2119.4534,18.52,34.7,BULLISH,0.5,15.0,False,-7.21
2026-01-23 19:30:00+00:00,2026-01-23 20:30:00+00:00,19,Friday,LONG,89639.56306,89363.99570887742,0.11174510351231588,89355.06020285714,90635.32306,-2.0034,11.0015,-13.0049,BE,2106.4485,14.09,41.34,BULLISH,0.5,60.0,True,-7.21
2026-01-28 15:05:00+00:00,2026-01-28 15:10:00+00:00,15,Wednesday,LONG,89372.9364,89129.27415049715,0.1250987523232303,89120.36211428572,90256.94640000002,-91.4455,12.2817,-103.7273,LOSS,2002.7213,22.36,44.09,BULLISH,0.5,5.0,False,-12.3
2026-01-28 15:10:00+00:00,2026-01-28 17:50:00+00:00,15,Wednesday,LONG,89058.40495,90016.42240750502,0.10872874117917951,88782.11352142856,90025.42495000002,312.4921,10.7088,301.7833,WIN,2304.5046,18.93,44.43,BULLISH,0.5,160.0,True,-12.3
2026-02-02 09:45:00+00:00,2026-02-02 12:20:00+00:00,9,Monday,SHORT,77737.92543,78040.48345831415,0.11137791649428685,78048.28828714286,76651.65543,-1.7317,9.5427,-11.2743,BE,2293.2303,70.09,25.83,BEARISH,0.5,155.0,True,-4.05
2026-02-03 20:30:00+00:00,2026-02-03 21:00:00+00:00,20,Tuesday,SHORT,76203.57888,76720.02325325485,0.0656312319192202,76727.69602285714,74369.16888000001,-101.6846,5.5201,-107.2048,LOSS,2186.0255,73.54,35.04,BEARISH,0.5,30.0,False,-4.52
2026-02-05 09:05:00+00:00,2026-02-05 10:55:00+00:00,9,Thursday,SHORT,71691.13017,70634.422906017,0.21577284315129922,71995.0644557143,70627.36017,684.0262,16.8905,667.1357,WIN,2853.1612,78.63,13.24,BEARISH,1.0,110.0,True,-8.98
2026-02-05 14:35:00+00:00,2026-02-05 15:00:00+00:00,14,Thursday,SHORT,70675.9317,69227.52376016999,0.10292577135763926,71091.74027142857,69220.6017,447.2355,7.9198,439.3157,WIN,3292.4769,76.36,33.34,BEARISH,0.5,25.0,True,0.0
2026-02-06 13:15:00+00:00,2026-02-06 13:45:00+00:00,13,Friday,SHORT,67200.2793,67498.01168092713,0.16220011145669766,67504.76215714285,66134.58929999999,-2.18,12.0164,-14.1964,BE,3278.2805,70.07,30.22,BEARISH,0.5,30.0,True,0.0
2026-02-07 12:05:00+00:00,2026-02-07 12:15:00+00:00,12,Saturday,SHORT,68744.62485000001,69020.63923865787,0.3476226753056409,69027.54199285715,67754.41485,-287.8466,26.3397,-314.1863,LOSS,2964.0942,70.83,18.59,BEARISH,1.0,10.0,False,-0.43
2026-02-07 12:15:00+00:00,2026-02-07 14:35:00+00:00,12,Saturday,SHORT,69801.51915000001,68433.971862915,0.1132247367234185,70194.20200714287,68427.12915000001,464.5205,8.6084,455.9121,WIN,3420.0063,80.69,27.47,BEARISH,0.5,140.0,True,-0.43
2026-02-08 16:45:00+00:00,2026-02-08 18:30:00+00:00,16,Sunday,LONG,70377.73707,71130.403318293,0.23631884535236447,70160.65707,71137.51707,533.6077,18.3926,515.2151,WIN,3935.2214,27.2,25.1,BULLISH,0.5,105.0,True,0.0
2026-02-09 21:30:00+00:00,2026-02-10 00:40:00+00:00,21,Monday,LONG,69971.39644,69739.36396478685,0.49394903703965454,69732.39072571429,70807.91644,-6.9125,37.9555,-44.868,BE,3890.3535,27.33,23.08,BULLISH,1.0,190.0,True,0.0
2026-02-10 14:15:00+00:00,2026-02-10 14:35:00+00:00,14,Tuesday,SHORT,69461.0532,68652.45775932001,0.5009284487758404,69694.04177142857,68645.5932,1215.1454,38.0517,1177.0936,WIN,5067.4471,78.77,24.39,BEARISH,1.0,20.0,True,-1.14
2026-02-11 14:10:00+00:00,2026-02-11 14:45:00+00:00,14,Wednesday,SHORT,68413.75794000001,66898.247095794,0.34954798625934347,68848.6722257143,66891.55794,1589.2313,26.0139,1563.2174,WIN,6630.6645,74.0,23.89,BEARISH,1.0,35.0,True,0.0
2026-02-14 12:50:00+00:00,2026-02-14 13:00:00+00:00,12,Saturday,LONG,69723.07161,69521.16303116099,0.47620399756429393,69514.21161,70454.08161,-288.449,36.4698,-324.9188,LOSS,6305.7457,27.93,58.66,BULLISH,0.5,10.0,False,0.0
2026-02-14 13:00:00+00:00,2026-02-14 13:20:00+00:00,13,Saturday,LONG,69436.44295,69209.603218295,0.4046294713348711,69202.68295,70254.60294999999,-5.6192,30.8552,-36.4744,BE,6269.2713,14.75,55.8,BULLISH,0.5,20.0,True,0.0
2026-02-17 18:40:00+00:00,2026-02-17 18:55:00+00:00,18,Tuesday,SHORT,67931.00622000001,68179.85612394944,0.36781630733953635,68186.67479142858,67036.16622000001,-274.5932,27.5351,-302.1282,LOSS,5967.1431,78.37,47.97,BEARISH,0.5,15.0,False,-5.45
2026-02-18 15:35:00+00:00,2026-02-18 18:15:00+00:00,15,Wednesday,SHORT,68075.39177999999,66872.238335178,0.25893920814077354,68421.06035142856,66865.55178,934.6308,19.2188,915.412,WIN,6882.5551,73.63,25.36,BEARISH,0.5,160.0,True,-10.01
2026-02-19 17:15:00+00:00,2026-02-20 00:15:00+00:00,17,Thursday,SHORT,66941.3052,67210.30921119428,0.7488480120663694,67217.03091428571,65976.26520000001,-10.0258,55.2525,-65.2783,BE,6817.2768,72.62,18.53,BEARISH,1.0,420.0,True,0.0
2026-02-23 09:45:00+00:00,2026-02-23 09:50:00+00:00,9,Monday,SHORT,66283.07102999999,66428.88747689698,0.6707277434649557,66435.53102999998,65749.46103,-293.4094,48.9575,-342.3669,LOSS,6474.9099,87.58,38.61,BEARISH,0.5,5.0,False,-0.95
2026-03-04 11:35:00+00:00,2026-03-04 12:15:00+00:00,11,Wednesday,LONG,70966.99599,70761.31998588471,0.4565123211891056,70754.24456142857,71711.62599,-6.4795,35.5854,-42.0649,BE,6432.845,24.97,25.57,BULLISH,0.5,40.0,True,-5.92
2026-03-04 20:55:00+00:00,2026-03-04 22:45:00+00:00,20,Wednesday,LONG,72983.99767,72758.90997633843,0.8305344218525841,72751.63481285714,73797.26766999999,-12.1231,66.5745,-78.6976,BE,6354.1474,26.57,24.82,BULLISH,1.0,110.0,True,-6.53
2026-03-05 15:25:00+00:00,2026-03-05 16:10:00+00:00,15,Thursday,LONG,71240.92338000001,70769.65392348086,0.3985076418893344,70762.57766571429,72915.13338000001,-563.4134,31.1258,-594.5392,LOSS,5759.6082,29.0,24.29,BULLISH,1.0,45.0,False,-7.68
2026-03-10 17:35:00+00:00,2026-03-10 18:10:00+00:00,17,Tuesday,LONG,70642.26352,70389.95609749485,0.33312338888266185,70382.91780571429,71549.97352,-4.7065,25.8396,-30.5461,BE,5729.0621,21.29,33.76,BULLISH,0.5,35.0,True,-16.32
2026-03-10 18:10:00+00:00,2026-03-10 18:40:00+00:00,18,Tuesday,LONG,70344.13371000001,70037.696779371,0.2741702754406757,70030.69371,71441.17371,-252.0477,21.1687,-273.2164,LOSS,5455.8457,23.79,40.01,BULLISH,0.5,30.0,False,-16.32
2026-03-16 08:40:00+00:00,2026-03-16 10:50:00+00:00,8,Monday,LONG,72885.58783,73632.033890217,0.37997890572201976,72670.21354428571,73639.39783,850.9013,30.6205,820.2808,WIN,6276.1265,22.45,25.45,BULLISH,0.5,130.0,True,-20.73
2026-03-18 18:00:00+00:00,2026-03-18 18:50:00+00:00,18,Wednesday,SHORT,71879.41134,71158.36646513401,0.4525058233235845,72087.45705428573,71151.25134,978.831,35.599,943.232,WIN,7219.3585,72.34,32.89,BEARISH,0.5,50.0,True,-8.81
2026-03-19 19:10:00+00:00,2026-03-19 19:15:00+00:00,19,Thursday,SHORT,70320.56724,70523.11993699029,0.5166384801990227,70530.17295428572,69586.94724,-313.9396,40.0209,-353.9605,LOSS,6865.3981,76.41,34.09,BEARISH,0.5,5.0,False,0.0
2026-03-23 15:50:00+00:00,2026-03-24 07:55:00+00:00,15,Monday,LONG,70316.23092,71337.46645990798,0.350489996989911,70022.41092000001,71344.60091999998,1073.7985,27.3065,1046.492,WIN,7911.8901,24.3,29.43,BULLISH,0.5,965.0,True,-4.9
2026-03-25 15:05:00+00:00,2026-03-25 15:15:00+00:00,15,Wednesday,LONG,70881.68746,70639.98218046028,0.4770632817891444,70632.91888857142,71752.37746,-345.9261,37.1331,-383.0593,LOSS,7528.8308,26.17,43.65,BULLISH,0.5,10.0,False,0.0
2026-03-25 15:15:00+00:00,2026-03-25 16:25:00+00:00,15,Wednesday,LONG,70656.76496999999,71548.46940750298,0.43973879887937195,70399.94782714285,71555.62496999999,1176.3511,34.3932,1141.9579,WIN,8670.7887,20.65,51.67,BULLISH,0.5,70.0,True,0.0
2026-03-26 20:10:00+00:00,2026-03-27 04:05:00+00:00,20,Thursday,SHORT,69157.18359,68352.248131359,1.1215403509084392,69389.11787571429,68345.41359,2708.3028,84.8223,2623.4805,WIN,11294.2692,75.1,23.22,BEARISH,1.0,475.0,True,0.0
2026-03-31 14:15:00+00:00,2026-03-31 14:50:00+00:00,14,Tuesday,SHORT,67693.23,66721.541487,0.606064363526357,67972.76142857142,66714.87,1766.7173,44.8052,1721.9121,WIN,13016.1813,82.92,50.34,BEARISH,0.5,35.0,True,0.0
2026-04-01 18:00:00+00:00,2026-04-02 01:05:00+00:00,18,Wednesday,LONG,68021.8015,67810.50758700715,1.7906074417445008,67803.72721428571,68785.06150000001,-24.3601,133.7723,-158.1324,BE,12858.0489,21.71,24.01,BULLISH,1.0,425.0,True,0.0
2026-04-02 14:35:00+00:00,2026-04-02 16:35:00+00:00,14,Thursday,SHORT,66821.51718,67107.86286542485,0.6581335373045862,67114.57432285714,65795.81718000001,-565.3611,48.4789,-613.84,LOSS,12244.209,70.34,25.76,BEARISH,0.5,120.0,False,-1.21
2026-04-17 17:20:00+00:00,2026-04-17 19:05:00+00:00,17,Friday,LONG,77175.7168,76912.51585396571,1.355990740603464,76904.82537142857,78123.8368,-20.9299,114.9182,-135.8481,BE,12108.3608,26.82,20.44,BULLISH,1.0,105.0,True,-5.93
2026-04-21 12:40:00+00:00,2026-04-21 14:40:00+00:00,12,Tuesday,LONG,75804.47969,76483.650560031,0.9255539204309032,75608.24540428571,76491.29969,1885.8278,77.523,1808.3048,WIN,13916.6656,24.67,29.59,BULLISH,0.5,120.0,True,-6.97
2026-04-23 17:05:00+00:00,2026-04-23 17:30:00+00:00,17,Thursday,LONG,77687.56798,77492.35358336943,1.0285132336059337,77484.60512285715,78397.93798000002,-602.3418,87.7825,-690.1243,LOSS,13226.5413,24.06,33.09,BULLISH,0.5,25.0,False,0.0
2026-04-23 17:35:00+00:00,2026-04-23 17:40:00+00:00,17,Thursday,LONG,77219.02113000001,76959.85348868444,0.7434459860294352,76952.15827285715,78153.04113000001,-578.0314,63.043,-641.0744,LOSS,12585.4669,19.77,51.04,BULLISH,0.5,5.0,False,-4.96
2026-04-23 17:40:00+00:00,2026-04-23 22:05:00+00:00,17,Thursday,LONG,77149.31416000001,78119.32144658401,0.6757245828110897,76869.93701714286,78127.13416000002,1966.3733,57.7054,1908.6679,WIN,14494.1348,12.68,55.2,BULLISH,0.5,265.0,True,-4.96
2026-05-06 13:45:00+00:00,2026-05-06 14:00:00+00:00,13,Wednesday,LONG,81700.76926,81487.337178926,0.9811897397360989,81479.18926,82476.29926,-628.2521,88.0652,-716.3173,LOSS,13777.8176,22.0,50.5,BULLISH,0.5,15.0,False,0.0
2026-05-06 14:00:00+00:00,2026-05-06 14:05:00+00:00,14,Wednesday,LONG,81363.1355,81128.41895926428,0.8510829766113396,81120.30692857143,82213.0355,-599.2898,76.0616,-675.3513,LOSS,13102.4662,15.46,56.16,BULLISH,0.5,5.0,False,0.0
2026-05-26 14:20:00+00:00,2026-05-26 14:25:00+00:00,14,Tuesday,SHORT,77747.02452,78006.703069548,0.7347726679201614,78014.50452,76810.84452000001,-572.4141,62.944,-635.3581,LOSS,12467.1081,70.1,28.51,BEARISH,0.5,5.0,False,-9.6
2026-05-26 14:25:00+00:00,2026-05-26 14:35:00+00:00,14,Tuesday,SHORT,77908.10841,76933.570997841,0.6663644741777027,78188.74555285714,76925.87841,1948.1913,56.7495,1891.4418,WIN,14358.5499,78.05,32.2,BEARISH,0.5,10.0,True,-9.6
